#{"t_start": 1722437127.1534574, "env_id": "SimpleTetris-v0"}
r,l,t
-39.0,62,1.445884
-44.0,57,1.589772
-28.0,73,1.842932
-62.0,39,1.960658
-58.0,43,2.143753
-28.0,73,2.459883
-33.0,68,2.710127
-38.0,63,2.943579
-45.0,56,3.116719
-52.0,49,3.350615
-31.0,70,3.529526
-46.0,55,3.6968
-42.0,59,3.941751
-45.0,56,4.145043
-39.0,62,4.365899
-54.0,47,4.495596
-70.0,31,4.597052
-56.0,45,4.758959
-72.0,29,4.830551
-66.0,35,4.933609
-73.0,28,5.048088
-41.0,60,5.230955
-67.0,34,5.35096
-44.0,57,5.527772
-53.0,48,5.645969
-56.0,45,5.845833
-27.0,74,6.145892
-68.0,33,6.250661
-46.0,55,6.446643
-34.0,67,6.700454
-18.0,83,7.053656
-47.0,54,7.234592
-55.0,46,7.380558
-34.0,67,7.690591
-55.0,46,7.817731
-30.0,71,8.093999
-66.0,35,8.239904
-23.0,78,8.570241
-44.0,57,8.819781
-18.0,83,9.114957
-8.0,93,9.432638
10.0,111,9.811044
-59.0,42,9.948095
-53.0,48,10.121556
-4.0,97,10.419312
-35.0,66,10.648665
-39.0,62,10.831764
-36.0,65,11.016031
-54.0,47,11.18419
-54.0,47,11.331164
-17.0,84,11.617285
-10.0,91,11.95605
-51.0,50,12.103461
-35.0,66,12.368237
-55.0,46,12.504076
-31.0,70,12.751409
-22.0,79,13.107632
-7.0,94,13.406885
-41.0,60,13.604904
-20.0,81,13.886276
-22.0,79,14.138744
-32.0,69,14.38682
-18.0,83,14.703797
-37.0,64,14.923933
-52.0,49,15.057381
-33.0,68,15.287483
-25.0,76,15.520696
34.0,135,15.951707
-25.0,76,16.205478
6.0,107,16.538302
7.0,108,16.910746
-31.0,70,17.110424
-26.0,75,17.358507
-45.0,56,17.572827
-28.0,73,17.789085
26.0,127,18.22242
4.0,105,18.606782
-11.0,90,18.926025
11.0,112,19.290318
29.0,130,19.790965
-45.0,56,19.95518
-84.0,17,20.010616
-43.0,58,20.205355
-13.0,88,20.506486
-72.0,29,20.590683
-29.0,72,20.862177
-8.0,93,21.207798
-32.0,69,21.471059
-38.0,63,21.69236
-39.0,62,21.892984
-61.0,40,22.027008
-4.0,97,22.373802
2.0,103,22.765972
-39.0,62,22.983245
2.0,103,23.296164
-19.0,82,23.562065
6.0,107,23.981856
-7.0,94,24.297392
9.0,110,24.659133
-13.0,88,24.944936
-31.0,70,25.218279
2.0,103,25.578888
12.0,113,26.037471
15.0,116,26.420782
-5.0,96,26.762938
-23.0,78,27.03018
-29.0,72,27.280445
7.0,108,27.664253
5.0,106,28.031013
31.0,132,28.454992
-23.0,78,28.750606
-23.0,78,29.064279
-30.0,71,29.264629
-21.0,80,29.521383
-22.0,79,29.816823
13.0,114,30.213672
5.0,106,30.550109
-4.0,97,30.931063
11.0,112,31.305002
23.0,124,31.684504
-22.0,79,31.97023
-12.0,89,32.286145
-19.0,82,32.603942
-40.0,61,32.816705
-20.0,81,33.090792
-1.0,100,33.447048
24.0,125,33.906857
14.0,115,34.323775
-7.0,94,34.6028
59.0,160,35.186699
4.0,105,35.602138
47.0,148,36.062751
24.0,125,36.489473
-18.0,83,36.73573
-16.0,85,37.021973
10.0,111,37.472218
23.0,124,37.886595
-3.0,98,38.188311
-2.0,99,38.506468
-16.0,85,38.806655
20.0,121,39.191242
25.0,126,39.595543
-14.0,87,39.865115
6.0,107,40.190861
12.0,113,40.59155
10.0,111,41.043683
4.0,105,41.430071
14.0,115,41.831042
-4.0,97,42.197508
-5.0,96,42.509003
-21.0,80,42.773921
-2.0,99,43.14412
22.0,123,43.610527
74.0,175,44.21682
20.0,121,44.675687
9.0,110,45.051632
16.0,117,45.446582
28.0,129,45.83437
14.0,115,46.251415
55.0,156,46.850062
17.0,118,47.234127
58.0,159,47.830294
71.0,172,48.480177
70.0,171,49.069498
20.0,121,49.549741
23.0,124,49.953468
12.0,113,50.316922
55.0,156,50.850154
-1.0,100,51.22372
17.0,118,51.637814
-5.0,96,51.95524
22.0,123,52.368825
44.0,145,52.933575
22.0,123,53.371626
104.0,205,54.074615
36.0,137,54.553208
30.0,131,55.003464
33.0,134,55.469923
6.0,107,55.847188
-8.0,93,56.192533
1.0,102,56.541486
37.0,138,57.019387
72.0,173,57.68985
65.0,166,58.255984
55.0,156,58.793449
-23.0,78,59.025767
28.0,129,59.541193
32.0,133,60.011355
31.0,132,60.428864
86.0,187,61.142601
73.0,174,61.739769
31.0,132,62.175857
74.0,175,62.78077
-23.0,78,63.03059
73.0,174,63.61133
38.0,139,64.109325
48.0,149,64.662118
34.0,135,65.095245
72.0,173,65.719408
67.0,168,66.283068
6.0,107,66.628701
48.0,149,67.097096
71.0,172,67.664271
58.0,159,68.228491
14.0,115,68.625258
27.0,128,69.072098
91.0,192,69.765369
15.0,116,70.163643
57.0,158,70.699756
30.0,131,71.136859
31.0,132,71.567313
43.0,144,72.134362
34.0,135,72.549751
44.0,145,73.075701
14.0,115,73.492714
4.0,105,73.890669
37.0,138,74.375756
-8.0,93,74.673902
63.0,164,75.236541
98.0,199,75.909191
12.0,113,76.304239
-29.0,72,76.562323
69.0,170,77.1381
-4.0,97,77.457618
13.0,114,77.872334
60.0,161,78.377016
23.0,124,78.766811
20.0,121,79.189966
23.0,124,79.57875
63.0,164,80.165675
-1.0,100,80.507223
22.0,123,80.92851
10.0,111,81.393625
3.0,104,81.75944
39.0,140,82.192712
68.0,169,82.852227
24.0,125,83.280798
16.0,117,83.714514
51.0,152,84.24789
41.0,142,84.697259
70.0,171,85.328891
99.0,200,86.062862
36.0,137,86.516634
43.0,144,87.034182
34.0,135,87.4809
60.0,161,88.051901
76.0,177,88.750628
50.0,151,89.219018
-28.0,73,89.503531
44.0,145,90.020955
53.0,154,90.547883
7.0,108,90.920197
46.0,147,91.436947
61.0,162,91.986254
36.0,137,92.488397
57.0,158,92.999093
23.0,124,93.452905
21.0,122,93.907023
33.0,134,94.385649
63.0,164,95.006377
91.0,192,95.738035
23.0,124,96.15717
-3.0,98,96.521483
-22.0,79,96.872531
32.0,133,97.308306
40.0,141,97.856128
13.0,114,98.239353
-14.0,87,98.539563
47.0,148,99.057011
35.0,136,99.544136
31.0,132,100.03981
-49.0,52,100.205999
95.0,196,100.908451
-7.0,94,101.213283
77.0,178,101.8407
25.0,126,102.24323
60.0,161,102.765022
40.0,141,103.225954
34.0,135,103.811576
-19.0,82,104.11094
38.0,139,104.672213
2.0,103,105.013081
-4.0,97,105.378567
-3.0,98,105.803302
56.0,157,106.415318
25.0,126,106.874695
18.0,119,107.301291
18.0,119,107.715055
-24.0,77,107.980718
44.0,145,108.482673
32.0,133,108.893628
32.0,133,109.265513
27.0,128,109.644961
20.0,121,110.051675
63.0,164,110.785291
101.0,202,111.564244
25.0,126,111.920246
48.0,149,112.440157
79.0,180,112.952959
34.0,135,113.47015
58.0,159,113.952298
43.0,144,114.385608
73.0,174,114.88707
78.0,179,115.468594
17.0,118,115.843943
24.0,125,116.209552
5.0,106,116.537704
4.0,105,116.870885
2.0,103,117.17789
40.0,141,117.643639
-10.0,91,117.932575
8.0,109,118.28932
33.0,134,118.701844
37.0,138,119.099581
2.0,103,119.457756
8.0,109,119.774801
89.0,190,120.295086
70.0,171,120.824794
30.0,131,121.214525
5.0,106,121.509766
72.0,173,122.009778
32.0,133,122.395662
-4.0,97,122.683803
112.0,213,123.323049
110.0,211,124.097578
11.0,112,124.414935
91.0,192,124.982598
28.0,129,125.361646
34.0,135,125.858729
30.0,131,126.256796
39.0,140,126.700592
32.0,133,127.065402
37.0,138,127.51418
24.0,125,127.884964
29.0,130,128.267763
68.0,169,128.7603
18.0,119,129.142913
88.0,189,129.763297
75.0,176,130.320979
5.0,106,130.649415
-11.0,90,130.883531
47.0,148,131.33739
20.0,121,131.704976
55.0,156,132.173326
54.0,155,132.651232
7.0,108,133.036907
23.0,124,133.386055
55.0,156,133.855768
9.0,110,134.173563
0.0,101,134.453429
-1.0,100,134.736355
47.0,148,135.192133
57.0,158,135.698213
40.0,141,136.091539
94.0,195,136.69561
83.0,184,137.270003
-10.0,91,137.526099
44.0,145,137.997243
60.0,161,138.516269
101.0,202,139.106325
76.0,177,139.687613
6.0,107,140.010691
9.0,110,140.325722
40.0,141,140.724389
124.0,225,141.508627
33.0,134,141.939342
35.0,136,142.392074
72.0,173,142.974942
71.0,172,143.493684
109.0,210,144.174598
80.0,181,144.844628
49.0,150,145.31152
35.0,136,145.728644
82.0,183,146.280033
65.0,166,146.801857
87.0,188,147.333876
2.0,103,147.631529
8.0,109,147.961673
38.0,139,148.415053
40.0,141,148.847906
55.0,156,149.357644
38.0,139,149.787395
80.0,181,150.400592
41.0,142,150.851528
16.0,117,151.150307
61.0,162,151.670528
23.0,124,152.132786
71.0,172,152.707579
81.0,182,153.268663
39.0,140,153.72245
124.0,225,154.501926
81.0,182,155.074062
66.0,167,155.563787
53.0,154,156.021502
91.0,192,156.62172
37.0,138,157.062583
39.0,140,157.486961
96.0,197,158.15598
66.0,167,158.709339
-18.0,83,158.990389
133.0,234,159.742288
52.0,153,160.310143
30.0,131,160.778495
70.0,171,161.406648
77.0,178,162.025921
60.0,161,162.575506
69.0,170,163.196235
79.0,180,163.783503
24.0,125,164.236385
78.0,179,164.793148
-29.0,72,165.028033
6.0,107,165.511919
14.0,115,165.875894
55.0,156,166.396286
47.0,148,166.94474
32.0,133,167.379508
57.0,158,167.881266
47.0,148,168.397191
51.0,152,168.879551
78.0,179,169.468287
24.0,125,169.899019
75.0,176,170.647821
76.0,177,171.30638
61.0,162,171.851118
51.0,152,172.417503
47.0,148,172.942962
80.0,181,173.649046
19.0,120,174.01999
96.0,197,174.771411
76.0,177,175.393411
57.0,158,175.959011
84.0,185,176.540951
116.0,217,177.359359
52.0,153,177.891494
10.0,111,178.242058
68.0,169,178.8763
61.0,162,179.443259
58.0,159,179.974363
93.0,194,180.6059
80.0,181,181.293035
78.0,179,181.87586
65.0,166,182.478404
89.0,190,183.109742
42.0,143,183.676285
104.0,205,184.427552
80.0,181,185.028359
92.0,193,185.7813
116.0,217,186.596552
62.0,163,187.126996
68.0,169,187.682265
29.0,130,188.130155
88.0,189,188.796564
89.0,190,189.41703
41.0,142,189.862517
66.0,167,190.503412
67.0,168,191.085731
89.0,190,191.735356
125.0,226,192.454162
85.0,186,193.105988
127.0,228,193.888026
88.0,189,194.504683
41.0,142,194.972633
114.0,215,195.740097
69.0,170,196.255032
69.0,170,196.873398
83.0,184,197.522009
34.0,135,198.009218
90.0,191,198.655984
35.0,136,199.110738
37.0,138,199.574732
62.0,163,200.124372
28.0,129,200.610344
51.0,152,201.171892
82.0,183,201.872459
65.0,166,202.509114
32.0,133,202.928016
73.0,174,203.56033
44.0,145,204.078438
69.0,170,204.697961
37.0,138,205.196327
103.0,204,205.917128
6.0,107,206.276111
79.0,180,206.911381
38.0,139,207.351473
32.0,133,207.836137
112.0,213,208.561361
69.0,170,209.227665
52.0,153,209.802106
67.0,168,210.416063
107.0,208,211.149714
129.0,230,212.017074
62.0,163,212.567377
99.0,200,213.271282
86.0,187,213.869317
31.0,132,214.340237
38.0,139,214.773309
48.0,149,215.221185
76.0,177,215.838461
81.0,182,216.52125
84.0,185,217.291167
71.0,172,217.855316
51.0,152,218.455086
112.0,213,219.153525
111.0,212,219.906494
21.0,122,220.344724
107.0,208,221.121922
82.0,183,221.806079
63.0,164,222.347723
80.0,181,222.978488
20.0,121,223.397131
30.0,131,223.827178
53.0,154,224.297981
67.0,168,224.969253
88.0,189,225.610217
137.0,238,226.412308
95.0,196,227.076613
97.0,198,227.795154
47.0,148,228.314281
137.0,238,229.217717
36.0,137,229.684168
73.0,174,230.27797
26.0,127,230.733173
49.0,150,231.264746
46.0,147,231.763897
48.0,149,232.232585
67.0,168,232.784687
23.0,124,233.25124
41.0,142,233.739208
81.0,182,234.320484
43.0,144,234.84748
100.0,201,235.538689
30.0,131,235.989184
62.0,163,236.573052
155.0,256,237.526553
49.0,150,238.004482
129.0,230,238.840515
93.0,194,239.539972
102.0,203,240.328033
69.0,170,240.874717
100.0,201,241.632229
60.0,161,242.243152
57.0,158,242.842861
59.0,160,243.398115
116.0,217,244.129671
120.0,221,244.879369
103.0,204,245.544915
38.0,139,246.025707
87.0,188,246.7127
32.0,133,247.212857
62.0,163,247.829592
38.0,139,248.334466
99.0,200,249.048187
55.0,156,249.645561
149.0,250,250.619578
89.0,190,251.301176
83.0,184,251.904611
41.0,142,252.434407
72.0,173,253.033939
69.0,170,253.66205
132.0,233,254.440111
45.0,146,254.961726
92.0,193,255.605316
118.0,219,256.309218
24.0,125,256.687518
84.0,185,257.375142
35.0,136,257.872096
87.0,188,258.508589
6.0,107,258.86008
51.0,152,259.407735
45.0,146,259.927002
51.0,152,260.506243
60.0,161,261.02142
65.0,166,261.595682
34.0,135,262.142647
92.0,193,262.80488
102.0,203,263.474567
108.0,209,264.294211
163.0,264,265.244037
142.0,243,266.128202
143.0,244,267.048414
45.0,146,267.500633
151.0,252,268.445714
148.0,249,269.40199
38.0,139,269.878988
111.0,212,270.69429
72.0,173,271.316156
99.0,200,272.049807
94.0,195,272.754737
49.0,150,273.266115
81.0,182,273.873706
69.0,170,274.51896
95.0,196,275.236313
59.0,160,275.791218
55.0,156,276.371058
65.0,166,276.973733
125.0,226,277.855285
9.0,110,278.290997
64.0,165,278.855373
101.0,202,279.623113
21.0,122,280.043128
99.0,200,280.723383
72.0,173,281.341782
124.0,225,282.078108
97.0,198,282.75825
82.0,183,283.326419
34.0,135,283.827096
35.0,136,284.29407
53.0,154,284.824792
94.0,195,285.430844
100.0,201,286.147255
71.0,172,286.748791
89.0,190,287.429768
46.0,147,287.998413
112.0,213,288.839182
100.0,201,289.535413
128.0,229,290.373271
138.0,239,291.167652
29.0,130,291.55337
71.0,172,292.154452
119.0,220,292.936722
41.0,142,293.5204
81.0,182,294.235535
110.0,211,294.985066
89.0,190,295.670069
67.0,168,296.330697
71.0,172,296.987953
37.0,138,297.488871
137.0,238,298.260694
116.0,217,299.025889
51.0,152,299.572961
78.0,179,300.223112
35.0,136,300.724007
73.0,174,301.327917
37.0,138,301.796185
121.0,222,302.579314
180.0,281,303.595864
39.0,140,304.164795
48.0,149,304.662253
120.0,221,305.383868
112.0,213,306.177872
63.0,164,306.779011
136.0,237,307.548606
65.0,166,308.086591
126.0,227,308.91494
58.0,159,309.464813
72.0,173,310.056707
107.0,208,310.764294
45.0,146,311.320052
89.0,190,311.948147
89.0,190,312.552366
72.0,173,313.099573
43.0,144,313.601974
73.0,174,314.222893
100.0,201,315.021604
-2.0,99,315.303296
93.0,194,315.990463
-12.0,89,316.32425
51.0,152,316.810712
76.0,177,317.47193
87.0,188,318.070128
64.0,165,318.606041
77.0,178,319.258026
124.0,225,320.055903
114.0,215,320.896912
69.0,170,321.429344
42.0,143,321.924592
31.0,132,322.495195
76.0,177,323.124278
55.0,156,323.725312
126.0,227,324.507332
111.0,212,325.244561
111.0,212,325.977855
85.0,186,326.695131
33.0,134,327.129799
22.0,123,327.542359
161.0,262,328.479759
82.0,183,329.144552
37.0,138,329.648222
94.0,195,330.305516
88.0,189,331.008235
24.0,125,331.417801
130.0,231,332.217012
106.0,207,332.923753
74.0,175,333.553098
106.0,207,334.302038
91.0,192,335.036042
89.0,190,335.684886
118.0,219,336.458942
86.0,187,337.154075
103.0,204,337.871678
47.0,148,338.355758
90.0,191,339.020856
109.0,210,339.760257
86.0,187,340.35773
111.0,212,341.074796
95.0,196,341.763161
127.0,228,342.495291
93.0,194,343.191423
89.0,190,343.797083
62.0,163,344.316087
43.0,144,344.846704
55.0,156,345.378708
121.0,222,346.195354
87.0,188,346.844209
104.0,205,347.528707
133.0,234,348.419663
91.0,192,349.102078
114.0,215,349.881717
133.0,234,350.66946
118.0,219,351.515605
67.0,168,352.100236
100.0,201,352.818078
137.0,238,353.649862
79.0,180,354.334991
117.0,218,355.185349
101.0,202,355.809347
52.0,153,356.387066
116.0,217,357.140141
37.0,138,357.573583
80.0,181,358.22867
139.0,240,359.001005
71.0,172,359.622627
116.0,217,360.41678
31.0,132,360.935657
122.0,223,361.705009
3.0,104,362.044175
-1.0,100,362.355566
64.0,165,362.843057
6.0,107,363.237092
168.0,269,364.159948
27.0,128,364.575437
69.0,170,365.147809
65.0,166,365.761208
75.0,176,366.378023
92.0,193,367.033253
53.0,154,367.546146
97.0,198,368.246436
96.0,197,368.987926
89.0,190,369.664677
112.0,213,370.365304
56.0,157,370.931604
68.0,169,371.582957
127.0,228,372.321013
60.0,161,372.986892
75.0,176,373.547472
114.0,215,374.320787
111.0,212,375.063739
48.0,149,375.589206
125.0,226,376.379453
99.0,200,377.053827
75.0,176,377.708081
139.0,240,378.522307
47.0,148,378.998473
28.0,129,379.458709
18.0,119,379.858176
75.0,176,380.45721
64.0,165,381.024462
20.0,121,381.461895
6.0,107,395.512975
